<?xml version="1.0" encoding="UTF-8"?>
<project-private xmlns="http://www.netbeans.org/ns/project-private/1">
    <editor-bookmarks xmlns="http://www.netbeans.org/ns/editor-bookmarks/2" lastBookmarkId="0"/>
    <open-files xmlns="http://www.netbeans.org/ns/projectui-open-files/2">
        <group>
            <file>file:/C:/Users/Carol/Desktop/UNICAMP%20-%20SI/4-semestre/SI400/Projeto%20Usuarios%20Mundiais/src/JGráfico.java</file>
            <file>file:/C:/Users/Carol/Desktop/UNICAMP%20-%20SI/4-semestre/SI400/Projeto%20Usuarios%20Mundiais/src/projeto/usuarios/mundiais/TelaConsultas.java</file>
            <file>file:/C:/Users/Carol/Desktop/UNICAMP%20-%20SI/4-semestre/SI400/Projeto%20Usuarios%20Mundiais/src/projeto/usuarios/mundiais/Pais.java</file>
            <file>file:/C:/Users/Carol/Desktop/UNICAMP%20-%20SI/4-semestre/SI400/Projeto%20Usuarios%20Mundiais/src/Imagens/globe%20(1).jpg</file>
            <file>file:/C:/Users/Carol/Desktop/UNICAMP%20-%20SI/4-semestre/SI400/Projeto%20Usuarios%20Mundiais/src/JConsulta.java</file>
            <file>file:/C:/Users/Carol/Desktop/UNICAMP%20-%20SI/4-semestre/SI400/Projeto%20Usuarios%20Mundiais/src/projeto/usuarios/mundiais/ExibirDados.java</file>
            <file>file:/C:/Users/Carol/Desktop/UNICAMP%20-%20SI/4-semestre/SI400/Projeto%20Usuarios%20Mundiais/src/projeto/usuarios/mundiais/ProjetoUsuariosMundiais.java</file>
            <file>file:/C:/Users/Carol/Desktop/UNICAMP%20-%20SI/4-semestre/SI400/Projeto%20Usuarios%20Mundiais/src/JTabela.java</file>
        </group>
    </open-files>
</project-private>
