<?xml version="1.0" encoding="UTF-8"?>
<project-private xmlns="http://www.netbeans.org/ns/project-private/1">
    <editor-bookmarks xmlns="http://www.netbeans.org/ns/editor-bookmarks/2" lastBookmarkId="0"/>
    <open-files xmlns="http://www.netbeans.org/ns/projectui-open-files/2">
        <group>
            <file>file:/E:/Unicamp%20SI/4%20Quarto%20semestre/SI400%20-%20Java/Projeto%20Usuarios%20Mundiais/src/JConsulta.java</file>
            <file>file:/E:/Unicamp%20SI/4%20Quarto%20semestre/SI400%20-%20Java/Projeto%20Usuarios%20Mundiais/src/JTabela.java</file>
            <file>file:/E:/Unicamp%20SI/4%20Quarto%20semestre/SI400%20-%20Java/Projeto%20Usuarios%20Mundiais/src/JGráfico.java</file>
        </group>
    </open-files>
</project-private>
